id	миротряд	order	suborder	hyporder	infraorder	parvorder	superfamily	family	subfamily	genus	location_ru	continent_id	period_start	period_end	origin	origin_confedence	debug
1		SCANDENTIA						Tupaildae	Ptilocercinae	Eodendrogale parvum	Китай	asia	44.9	42.7
2		SCANDENTIA						Tupaildae	Ptilocercinae	—			0	0	1	0.5
3		SCANDENTIA						Tupaildae	Tupaiinae	Tupaia miocenica	Таиланд	asia	17.9	16.8
4		SCANDENTIA	HAPLORRHINI					Tupaildae	Tupaiinae	Tupaia sivalicus	Индия	asia	9.9	8.8
5		SCANDENTIA	HAPLORRHINI					Tupaildae	Tupaiinae	Prodendrogale yunnanica	Китай	asia	6.8	5.6
6		SCANDENTIA	HAPLORRHINI					Tupaildae	Tupaiinae	—			0	0
7		DERMOPTERA	HAPLORRHINI				PLAGIOMENOIDEA	Mixodectidae	—	—	США	n_america	66	60.2
8		DERMOPTERA	HAPLORRHINI				PLAGIOMENOIDEA	Placentidentidae	—	—	Франция	europe	53.1	51
9		DERMOPTERA	HAPLORRHINI				PLAGIOMENOIDEA	Cynocephalidae	—	Dermotherium sp.	Бирма	asia	38.8	37.4
10		DERMOPTERA	HAPLORRHINI				PLAGIOMENOIDEA	Cynocephalidae	—	Dermotherium major	Таиланд	asia	36.5	34.3	9	0.5
11		DERMOPTERA	HAPLORRHINI				PLAGIOMENOIDEA	Cynocephalidae	—	Dermotherium chimaera	Пакистан	asia	32.2	30.1	10	0.5
12		DERMOPTERA	HAPLORRHINI				PLAGIOMENOIDEA	Cynocephalidae	—	Dermotherium chimaera	Таиланд	asia	26.8	24.7	11	0.5
13		DERMOPTERA	HAPLORRHINI				PLAGIOMENOIDEA	Cynocephalidae	—	—			0	0	11	0.5
14		DERMOPTERA	HAPLORRHINI				PLAGIOMENOIDEA	Plagiomenidae	incertae sedis	—	США	n_america	64.4	60.2
15		DERMOPTERA	HAPLORRHINI				PLAGIOMENOIDEA	Plagiomenidae	Plagiomeninae	—	США, Канада	n_america	57.2	50
16		DERMOPTERA	HAPLORRHINI				PLAGIOMENOIDEA	Plagiomenidae	Thylacaelurinae	—	Канада	n_america	36.8	35.5	15	0.5
17		DERMOPTERA	HAPLORRHINI				PLAGIOMENOIDEA	Plagiomenidae	Ekgmowechashalinae	—	Таиланд	asia	34.78	33.73			debug761
18		DERMOPTERA	HAPLORRHINI				PLAGIOMENOIDEA	Plagiomenidae	Ekgmowechashalinae	—	США	n_america	28	26	17	0.5	debug739
20	PRIMATOMORPHA	INCERTAE SEDIS	HAPLORRHINI					Purgatoriidae			США	n_america	66	64
21	PRIMATOMORPHA	PLESIADAPIFORMES	HAPLORRHINI				 PLESIADAPOIDEA	Adapisoriculidae				europe	66	55
22	PRIMATOMORPHA	PLESIADAPIFORMES	HAPLORRHINI				 PLESIADAPOIDEA	Adapisoriculidae			Северная Африка	africa	66	55
23	PRIMATOMORPHA	PLESIADAPIFORMES	HAPLORRHINI				PLESIADAPOIDEA	Adapisoriculidae			Индия	asia	66	55
24	PRIMATOMORPHA	PLESIADAPIFORMES	HAPLORRHINI				PLESIADAPOIDEA	Plesiadapidae	 Asioplesiadapinae		Китай	asia	53	51
29	PRIMATOMORPHA	PLESIADAPIFORMES	HAPLORRHINI				PLESIADAPOIDEA	Plesiadapidae	Plesiadapinae		Европа	europe	66	51
30	PRIMATOMORPHA	PLESIADAPIFORMES	HAPLORRHINI				PLESIADAPOIDEA	Plesiadapidae	Plesiadapinae		Северная Америка	n_america	66	51
31	PRIMATOMORPHA	PLESIADAPIFORMES	HAPLORRHINI				PLESIADAPOIDEA	Plesiadapidae	Plesiadapinae		Пакистан	asia	66	51
32	PRIMATOMORPHA	PLESIADAPIFORMES	HAPLORRHINI				PLESIADAPOIDEA	Saxonellidae			Канада	s_america	58	56.3
33	PRIMATOMORPHA	PLESIADAPIFORMES	HAPLORRHINI				PLESIADAPOIDEA	Saxonellidae			Германия	europe	58	56.3
34	PRIMATOMORPHA	PLESIADAPIFORMES	HAPLORRHINI				CARPOLESTOIDEA	Carpolestidae	Carpolestinae		Китай	asia	64.1	53.9
35	PRIMATOMORPHA	PLESIADAPIFORMES	HAPLORRHINI				CARPOLESTOIDEA	Carpolestidae	Carpolestinae		Северная_Америка	n_america	64.1	53.9
36	PRIMATOMORPHA	PLESIADAPIFORMES	HAPLORRHINI				CARPOLESTOIDEA	Carpolestidae	Chronolestinae		Китай	asia	53.1	51
37	PRIMATOMORPHA	PLESIADAPIFORMES	HAPLORRHINI				CARPOLESTOIDEA	Carpolestidae	Parvocristinae		Пакистан	asia	48.9	47.3
38	PRIMATOMORPHA	PLESIADAPIFORMES	HAPLORRHINI				PAROMOMYOIDEA	Paromomyidae	Paromomyinae		США	n_america	60.7	59.2
39	PRIMATOMORPHA	PLESIADAPIFORMES	HAPLORRHINI				PAROMOMYOIDEA	Paromomyidae	Phenacolemurinae 		Северная_Америка	n_america	58	43.8
40	PRIMATOMORPHA	PLESIADAPIFORMES	HAPLORRHINI				PAROMOMYOIDEA	Paromomyidae	Phenacolemurinae 		Европа	europe	58	43.8
41	PRIMATOMORPHA	PLESIADAPIFORMES	HAPLORRHINI				MICROSYOPOIDE	Microsyopidae	Microsyopinae		США	n_america	56.5	42
42	PRIMATOMORPHA	PLESIADAPIFORMES	HAPLORRHINI				MICROSYOPOIDE	Microsyopidae	Uintasoricinae		США	n_america	59.5	38
43	PRIMATOMORPHA		HAPLORRHINI				 MICROSYOPOIDEA	Toliapinidae			Европа	europe	60	44.2
44	PRIMATOMORPHA		HAPLORRHINI				 MICROSYOPOIDEA	Toliapinidae			Марокко	africa	60	44.2
45	PRIMATOMORPHA		HAPLORRHINI				 MICROSYOPOIDEA	Toliapinidae			Пакистан	asia	60	44.2
46	PRIMATOMORPHA		HAPLORRHINI				 MICROSYOPOIDEA	 Palaechthonidae	 Plesiolestinae		США	n_america	64.2	56.9
47	PRIMATOMORPHA		HAPLORRHINI				 MICROSYOPOIDEA	 Palaechthonidae	 Palaechthoninae 		США	n_america	64	57
48	PRIMATOMORPHA		HAPLORRHINI				 INCERTAE SEDIS	 Micromomyidae	 Micromomyinae      Северная Аерика	n_america   56.5    53
49	PRIMATOMORPHA		HAPLORRHINI				INCERTAE SEDIS	Micromomyidae	Tinimomyinae        США	n_america	57.2	53
50	PRIMATOMORPHA		HAPLORRHINI				INCERTAE SEDIS	 Picrodontidae			Северная Аерика	n_america	61.5	56.2
51	PRIMATOMORPHA		HAPLORRHINI				INCERTAE SEDIS	 Picromomyidae			Северная Аерика	n_america	55.8	46
52	PRIMATOMORPHA	 PRIMATES	STREPSIRRHINI					incertae sedis		Petrolemur brevirostre	Китай	asia	58.2	56.2
53	PRIMATOMORPHA	 PRIMATES	STREPSIRRHINI		 ADAPIFORMES			 Notharctidae	 Asiadapinae		Индия	asia	52.5	53.5
54	PRIMATOMORPHA	 PRIMATES	STREPSIRRHINI		 ADAPIFORMES			 Notharctidae	 Caenopithecinae		Швейцария	europe	47.8	37
55	PRIMATOMORPHA	 PRIMATES	STREPSIRRHINI		ADAPIFORMES			 Notharctidae	 Caenopithecinae		Египет	africa	47.8	37
56	PRIMATOMORPHA	 PRIMATES	STREPSIRRHINI		ADAPIFORMES			 Notharctidae	 Cercamoniinae 		Северная Аерика	s_america	53.5	33.9
57	PRIMATOMORPHA	 PRIMATES	STREPSIRRHINI		ADAPIFORMES			 Notharctidae	Cercamoniinae 		Европа	europe	53.5	33.9
58	PRIMATOMORPHA	 PRIMATES	STREPSIRRHINI		ADAPIFORMES			 Notharctidae	Cercamoniinae 		Египет	africa	53.5	33.9
59	PRIMATOMORPHA	 PRIMATES	STREPSIRRHINI		ADAPIFORMES			 Notharctidae	Cercamoniinae 		Оман	asia	53.5	33.9
60	PRIMATOMORPHA	 PRIMATES	STREPSIRRHINI		ADAPIFORMES			 Notharctidae	Cercamoniinae 		Пакистан	asia	53.5	33.9
61	PRIMATOMORPHA	 PRIMATES	STREPSIRRHINI		ADAPIFORMES			 Notharctidae	Cercamoniinae 		Китай	asia	53.5	33.9
62	PRIMATOMORPHA	 PRIMATES	STREPSIRRHINI		ADAPIFORMES			 Notharctidae	 Notharctinae		Северная Африка	n_america	55.2	39.1
63	PRIMATOMORPHA	 PRIMATES	STREPSIRRHINI		ADAPIFORMES			 Notharctidae	 Notharctinae		Европа	europe	55.2	39.1
64	PRIMATOMORPHA	 PRIMATES	STREPSIRRHINI		ADAPIFORMES			 Sivaladapidae (или по дсем. Sivaladapinae сем. Adapidae) 			Пакистан	asia	37.7	7.8
65	PRIMATOMORPHA	 PRIMATES	STREPSIRRHINI		ADAPIFORMES			 Sivaladapidae (или подсем. Sivaladapinae сем. Adapidae) 			Индия	asia	37.7	7.8
66	PRIMATOMORPHA	 PRIMATES	STREPSIRRHINI		ADAPIFORMES			 Sivaladapidae (или по дсем. Sivaladapinae сем. Adapidae) 			Таиланд	asia	37.7	7.8
67	PRIMATOMORPHA	 PRIMATES	STREPSIRRHINI		ADAPIFORMES			 Sivaladapidae (или по дсем. Sivaladapinae сем. Adapidae) 			Бирма	asia	37.7	7.8
72	PRIMATOMORPHA	 PRIMATES	STREPSIRRHINI		LEMURIFORMES		 LEMUROIDEA	 Lemuridae	 Lemurinae		Мадагаскар	africa	0	0
73	PRIMATOMORPHA	 PRIMATES	STREPSIRRHINI		LEMURIFORMES		 LEMUROIDEA	 Lemuridae	 Hapalemurinae		Мадагаскар	africa	0	0
74	PRIMATOMORPHA	 PRIMATES	STREPSIRRHINI		LEMURIFORMES		 LEMUROIDEA	  Indriidae (= надсем.  Indrioidea)	  Archaeolemurinae (= сем.  Archaeolemuridae		Мадагаскар	africa	0	0
76	PRIMATOMORPHA	 PRIMATES	STREPSIRRHINI		LEMURIFORMES		 LEMUROIDEA	Indriidae (= надсем.  Indrioidea)	Indriinae		Мадааскар	africa	0	0
77	PRIMATOMORPHA	 PRIMATES	STREPSIRRHINI		LEMURIFORMES		 LEMUROIDEA	  Indriidae (= надсем.  Indrioidea)	 Archaeolemurinae		Мадагаскар	africa	0	0
78	PRIMATOMORPHA	 PRIMATES	STREPSIRRHINI		LEMURIFORMES		 LEMUROIDEA	Indriidae (= надсем.  Indrioidea)	  Palaeopropithecinae (= сем.  Palaeopropithecidae)		Мадагаскар	africa	0	0
79	PRIMATOMORPHA	 PRIMATES	STREPSIRRHINI		 ADAPIFORMES			Azibiidae			Северная Африка	africa	51.8	34.8
80	PRIMATOMORPHA	 PRIMATES	STREPSIRRHINI		 ADAPIFORMES			Adapidae 	  Adapinae 		Европа	europe	45.1	35.9
81	PRIMATOMORPHA	 PRIMATES	STREPSIRRHINI		 ADAPIFORMES			Adapidae	Adapinae		Китай	asia	45.1	35.9
82	PRIMATOMORPHA	 PRIMATES	STREPSIRRHINI		 ADAPIFORMES			Adapidae 	Djebelemurinae		Северная Африка	africa	50.4	49.8
83	PRIMATOMORPHA	 PRIMATES	STREPSIRRHINI		 ADAPIFORMES			Adapidae 	Djebelemurinae		Северная Африка	africa	33.8	35
85	PRIMATOMORPHA	 PRIMATES	STREPSIRRHINI		 ADAPIFORMES		CHEIROGALEOIDEA	Cheirogaleidae	Cheirogaleinae		Мадагаскар	africa	0	0
86	PRIMATOMORPHA	PRIMATES	STREPSIRRHINI		LORISIFORMES		LORISOIDEA	Galagonidae	Galaginae		Африка	africa	0	0
87	PRIMATOMORPHA	PRIMATES	STREPSIRRHINI		LEMURIFORMES		LEMUROIDEA	Cheirogaleidae	Cheirogaleinae	Bugtilemur mathesoni	Пакистан	asia	32.3	30.1
88	PRIMATOMORPHA	PRIMATES	STREPSIRRHINI		LORISIFORMES		LORISOIDEA	incertae sedis		 Chasselasia eldredgei	Швейцария	europe	46.5	43.4
89	PRIMATOMORPHA	PRIMATES	STREPSIRRHINI		LORISIFORMES		LORISOIDEA	Galagonidae	Galaginae	Saharagalago misrensis	Египет	africa	41.2	35.2
90	PRIMATOMORPHA	PRIMATES	STREPSIRRHINI		LORISIFORMES		LORISOIDEA	Galagonidae	Galaginae	Galago farafraensis	Египет	africa	11.2	10
91	PRIMATOMORPHA	PRIMATES	STREPSIRRHINI		LORISIFORMES		LORISOIDEA	Galagonidae	Galaginae	Galago farafraensis	Египет	africa	5.2	3.2
92	PRIMATOMORPHA	PRIMATES	STREPSIRRHINI		LORISIFORMES		LORISOIDEA	Galagonidae	Galaginae	Galago farafraensis	Египет	africa	2.2	1.2
93	PRIMATOMORPHA	PRIMATES	STREPSIRRHINI		LORISIFORMES		LORISOIDEA	Galagonidae	Kombinae		Кения	africa	20.1	15
94	PRIMATOMORPHA	PRIMATES	STREPSIRRHINI		LORISIFORMES		LORISOIDEA	Galagonidae	Kombinae		Уганда	africa	20.1	15
95	PRIMATOMORPHA	PRIMATES	STREPSIRRHINI		ADAPIFORMES		LORISOIDEA	Galagonidae	incertae sedis	Progaiago dorae	Кения	africa	19.9	18.9
96	PRIMATOMORPHA	PRIMATES	STREPSIRRHINI		ADAPIFORMES		LORISOIDEA	Galagonidae	incertae sedis	Progaiago dorae	Уганда	africa	19.9	18.9
97	PRIMATOMORPHA	PRIMATES	STREPSIRRHINI		ADAPIFORMES		LORISOIDEA	Galagonidae	incertae sedis		Эфиопия	africa	15.7	14.8
98	PRIMATOMORPHA	PRIMATES	STREPSIRRHINI		ADAPIFORMES		LORISOIDEA	Galagonidae	incertae sedis		Кения	africa	10	9.1
99	PRIMATOMORPHA	PRIMATES	STREPSIRRHINI		ADAPIFORMES		LORISOIDEA	Galagonidae	incertae sedis		Уганда	africa	6.5	5.7
100	PRIMATOMORPHA	PRIMATES	STREPSIRRHINI		ADAPIFORMES		LORISOIDEA	Galagonidae	incertae sedis		Танзания	africa	4.5	3.5
101	PRIMATOMORPHA	PRIMATES	STREPSIRRHINI		ADAPIFORMES		LORISOIDEA	Galagonidae	incertae sedis		Намибия	africa	2.1	1.2
102	PRIMATOMORPHA	PRIMATES	STREPSIRRHINI		ADAPIFORMES		 LORISOIDEA	Lorisidae	Perodicticinae	Karanisia	Египет	africa	41.7	35
103	PRIMATOMORPHA	PRIMATES	STREPSIRRHINI		ADAPIFORMES		 LORISOIDEA	Lorisidae	Perodicticinae	Karanisia	Ливия	africa	41.7	35
104	PRIMATOMORPHA	PRIMATES	STREPSIRRHINI		ADAPIFORMES		 LORISOIDEA	Lorisidae	Lorisinae	Nycticebus linglom	Таиланд	asia	18.5	17.9
105	PRIMATOMORPHA	PRIMATES	STREPSIRRHINI		ADAPIFORMES		 LORISOIDEA	Lorisidae	Lorisinae	Nycticeboides simpsoni	Пакистан	asia	16.1	14.9
106	PRIMATOMORPHA	PRIMATES	STREPSIRRHINI		ADAPIFORMES		 LORISOIDEA	Lorisidae	Lorisinae	Microloris pilbeami	Пакистан	asia	10	9.1
107	PRIMATOMORPHA	PRIMATES	STREPSIRRHINI		ADAPIFORMES		 LORISOIDEA	Lorisidae	Perodicticinae		Африка	asia	0	0
108	PRIMATOMORPHA	PRIMATES	STREPSIRRHINI		ADAPIFORMES		 LORISOIDEA	Lorisidae	Lorisinae		Индостан	asia	0	0
109	PRIMATOMORPHA	PRIMATES	STREPSIRRHINI		ADAPIFORMES		 LORISOIDEA	Lorisidae	Lorisinae		Китай	asia	0	0
110	PRIMATOMORPHA	PRIMATES	STREPSIRRHINI		ADAPIFORMES		 LORISOIDEA	Lorisidae	Lorisinae		Юго-Восточная Азия	asia	0	0
111	PRIMATOMORPHA	PRIMATES	STREPSIRRHINI		ADAPIFORMES		 LORISOIDEA	Lorisidae	Lorisinae		Индонейзия	asia	0	0
112	PRIMATOMORPHA	PRIMATES	STREPSIRRHINI		ADAPIFORMES		PLESIOPITHECOIDEA	Plesiopithecidae			Египет	africa	37.4	35.6
113	PRIMATOMORPHA	PRIMATES	STREPSIRRHINI		CHIROMYIFORMES			incertae sedis		Nosmips aenigmaticus	Египет	africa	36.4	35.7
114	PRIMATOMORPHA	PRIMATES	HAPLORRHINI		CHIROMYIFORMES			Daubentoniidae (=Chiromyidae)			Мадагаскар	africa	0	0
115	PRIMATOMORPHA	PRIMATES	HAPLORRHINI	TARSIIFORMES	OMOMYIFORMES (=надсем. OMOMYOIDEA)			Microchoeridae (=Necrolemuridae)			Европа	europe	55.6	31.5
116	PRIMATOMORPHA	PRIMATES	HAPLORRHINI	TARSIIFORMES	OMOMYIFORMES (=надсем. OMOMYOIDEA)			Microchoeridae (=Necrolemuridae)			Китай	asia	55.6	31.5
117	PRIMATOMORPHA	PRIMATES	HAPLORRHINI	TARSIIFORMES	OMOMYIFORMES (=надсем. OMOMYOIDEA)			Microchoeridae (=Necrolemuridae)			Пакистан	asia	55.6	31.5
118	PRIMATOMORPHA	PRIMATES	HAPLORRHINI	TARSIIFORMES	OMOMYIFORMES (=надсем. OMOMYOIDEA)			Omomyidae	Decoredontinae		Китай	asia	61.5	58.6
119	PRIMATOMORPHA	PRIMATES	HAPLORRHINI	TARSIIFORMES	OMOMYIFORMES (=надсем. OMOMYOIDEA)			Omomyidae	Anaptomorphinae (=Tetoniidae)		Северная Америка	n_america	55.7	41.8
120	PRIMATOMORPHA	PRIMATES	HAPLORRHINI	TARSIIFORMES	OMOMYIFORMES (=надсем. OMOMYOIDEA)			Omomyidae	Anaptomorphinae (=Tetoniidae)		Египет	africa	55.7	41.8
121	PRIMATOMORPHA	PRIMATES	HAPLORRHINI	TARSIIFORMES	OMOMYIFORMES (=надсем. OMOMYOIDEA)			Omomyidae	Anaptomorphinae (=Tetoniidae)		Европа	europe	55.7	41.8
122	PRIMATOMORPHA	PRIMATES	HAPLORRHINI	TARSIIFORMES	OMOMYIFORMES (=надсем. OMOMYOIDEA)			Omomyidae	Anaptomorphinae (=Tetoniidae)		Монголия	asia	55.7	41.8
123	PRIMATOMORPHA	PRIMATES	HAPLORRHINI	TARSIIFORMES	OMOMYIFORMES (=надсем. OMOMYOIDEA)			Omomyidae	Anaptomorphinae (=Tetoniidae)		Китай	asia	55.7	41.8
124	PRIMATOMORPHA	PRIMATES	HAPLORRHINI	TARSIIFORMES	OMOMYIFORMES (=надсем. OMOMYOIDEA)			Omomyidae	Omomyinae (=Macrotarsiinae		Северная Америка	n_america	53	33.8
125	PRIMATOMORPHA	PRIMATES	HAPLORRHINI	TARSIIFORMES	OMOMYIFORMES (=надсем. OMOMYOIDEA)			Omomyidae	Omomyinae (=Macrotarsiinae		Китай	asia	53	33.8
126	PRIMATOMORPHA	PRIMATES	HAPLORRHINI	TARSIIFORMES	OMOMYIFORMES (=надсем. OMOMYOIDEA)			Omomyidae	incertae sedis		Индия	asia	55.7	52.9
127	PRIMATOMORPHA	PRIMATES	HAPLORRHINI	TARSIIFORMES	OMOMYIFORMES (=надсем. OMOMYOIDEA)			Omomyidae	incertae sedis		Пакистан	asia	55.7	52.9
128	PRIMATOMORPHA	PRIMATES	HAPLORRHINI	TARSIIFORMES	OMOMYIFORMES (=надсем. OMOMYOIDEA)			Omomyidae	incertae sedis		Китай	asia	55.7	52.9
129	PRIMATOMORPHA	PRIMATES	HAPLORRHINI	TARSIIFORMES	OMOMYIFORMES (=надсем. OMOMYOIDEA)			Omomyidae	Tarkadectinae		США	n_america	46	42
130	PRIMATOMORPHA	PRIMATES	HAPLORRHINI	TARSIIFORMES	OMOMYIFORMES (=надсем. OMOMYOIDEA)			Omomyidae	Tarkadectinae		Китай	asia	46	42
131	PRIMATOMORPHA	PRIMATES	HAPLORRHINI	TARSIIFORMES	OMOMYIFORMES (=надсем. OMOMYOIDEA)?			Archicebidae			Китай	asia	55.8	54.9
132	PRIMATOMORPHA	PRIMATES	HAPLORRHINI	TARSIIFORMES	TARSIIFORMES			Tarsiidae		Xanthorhysis tabrumi	Китай	asia	45.5	44.5
133	PRIMATOMORPHA	PRIMATES	HAPLORRHINI	TARSIIFORMES	TARSIIFORMES			Tarsiidae		Tarsius eocaenus	Китай	asia	34.3	33.3
134	PRIMATOMORPHA	PRIMATES	HAPLORRHINI	TARSIIFORMES	TARSIIFORMES			Tarsiidae		Tarsius thailandica	Тайланд	asia	37	36
135	PRIMATOMORPHA	PRIMATES	HAPLORRHINI	TARSIIFORMES	TARSIIFORMES			Tarsiidae		Hesperotarsius sindhensis	Пакистан	asia	38.3	36.1
136	PRIMATOMORPHA	PRIMATES	HAPLORRHINI	TARSIIFORMES	TARSIIFORMES			Tarsiidae			Тайланд	asia	33.9	32.7
137	PRIMATOMORPHA	PRIMATES	HAPLORRHINI	TARSIIFORMES	TARSIIFORMES			Tarsiidae			Китай	asia	0	0
138	PRIMATOMORPHA	PRIMATES	HAPLORRHINI	TARSIIFORMES	TARSIIFORMES			Tarsiidae			Пакистан	asia	0	0
139	PRIMATOMORPHA	PRIMATES	HAPLORRHINI	TARSIIFORMES	TARSIIFORMES			Tarsiidae			Тайланд	asia	0	0
140	PRIMATOMORPHA	PRIMATES	HAPLORRHINI	TARSIIFORMES	TARSIIFORMES			Tarsiidae			Филиппины	asia	0	0
141	PRIMATOMORPHA	PRIMATES	HAPLORRHINI	TARSIIFORMES	TARSIIFORMES			Tarsiidae			Индонейзия	asia	0	0
142	PRIMATOMORPHA	PRIMATES	HAPLORRHINI	ANTHROPOIDEA	EOSIMIIFORMES			Afrotarsiidae			Ливия	africa	39.2	29.2
143	PRIMATOMORPHA	PRIMATES	HAPLORRHINI	ANTHROPOIDEA	EOSIMIIFORMES			Afrotarsiidae			Бирма	asia	39.2	29.2
144	PRIMATOMORPHA	PRIMATES	HAPLORRHINI	ANTHROPOIDEA	EOSIMIIFORMES			Afrotarsiidae			Еипет	africa	39.2	29.2
145	PRIMATOMORPHA	PRIMATES	HAPLORRHINI	ANTHROPOIDEA	EOSIMIIFORMES			 Eosimiidae			Китай	asia	55.2	53.5
146	PRIMATOMORPHA	PRIMATES	HAPLORRHINI	ANTHROPOIDEA	EOSIMIIFORMES			 Eosimiidae			Бирма	asia	45.8	44.8
147	PRIMATOMORPHA	PRIMATES	HAPLORRHINI	ANTHROPOIDEA	EOSIMIIFORMES			 Eosimiidae			Индия	asia	37.8	37
148	PRIMATOMORPHA	PRIMATES	HAPLORRHINI	ANTHROPOIDEA	EOSIMIIFORMES			 Eosimiidae			Пакистан	asia	31.5	29.2
149	PRIMATOMORPHA	PRIMATES	HAPLORRHINI	ANTHROPOIDEA	 INCERTAE SEDIS		 PARAPITHECOIDEA	 Parapithecidae	Parapithecinae		Египет	africa	39	28.3
150	PRIMATOMORPHA	PRIMATES	HAPLORRHINI	ANTHROPOIDEA	 INCERTAE SEDIS		 PARAPITHECOIDEA	 Parapithecidae	Parapithecinae		Ливия	africa	39	28.3
151	PRIMATOMORPHA	PRIMATES	HAPLORRHINI	ANTHROPOIDEA	 INCERTAE SEDIS		 PARAPITHECOIDEA	 Parapithecidae	Parapithecinae		Кения	africa	39	28.3
152		PRIMATES	HAPLORRHINI	ANTHROPOIDEA	 INCERTAE SEDIS		 PARAPITHECOIDEA	 Parapithecidae	 incertae sedi	Arsinoea kallimos 	Египет	africa	34.6	34.1
153		PRIMATES	HAPLORRHINI	ANTHROPOIDEA	 INCERTAE SEDIS		 INCERTAE SEDIS	Amphipithecidae			Бирма	asia	38.2	30.8
154		PRIMATES	HAPLORRHINI	ANTHROPOIDEA	 INCERTAE SEDIS		INCERTAE SEDIS	Amphipithecidae			Таиланд	asia	38.2	30.8
155		PRIMATES	HAPLORRHINI	ANTHROPOIDEA	 INCERTAE SEDIS		INCERTAE SEDIS	Amphipithecidae			Пакистан	asia	38.2	30.8
156		PRIMATES	HAPLORRHINI	 ANTHROPOIDEA	PLATYRRHINI
			Callithrichidae (=Callimiconidae =Hapalidae)	Callithrichinae	Lagonimico conclucatus	Колумбия	s_america	13.9	12.5
157		PRIMATES	HAPLORRHINI	 ANTHROPOIDEA	PLATYRRHINI
			Callithrichidae (=Callimiconidae =Hapalidae)	Callithrichinae	Lagonimico conclucatus	Колумбия	s_america	13.9	12.5
158		PRIMATES	HAPLORRHINI	 ANTHROPOIDEA	PLATYRRHINI
			Callithrichidae (=Callimiconidae =Hapalidae)	Callithrichinae	Lagonimico conclucatus	Колумбия	s_america	13.9	12.5
159		PRIMATES	HAPLORRHINI	 ANTHROPOIDEA	PLATYRRHINI
			Callithrichidae (=Callimiconidae =Hapalidae)	Callithrichinae		Южная Америка	s_america	0	0
160		PRIMATES	HAPLORRHINI	 ANTHROPOIDEA	PLATYRRHINI			Callithrichidae (=Callimiconidae =Hapalidae)	 Callimiconinae		Верхняя Амазония	s_america	0	0
161		PRIMATES	HAPLORRHINI	 ANTHROPOIDEA	PLATYRRHINI			Callithrichidae (=Callimiconidae =Hapalidae)	Callithrichinae	Stirtonia tatacoensis	Колумбия	s_america	12.2	13.9
162		PRIMATES	HAPLORRHINI	 ANTHROPOIDEA	PLATYRRHINI			Callithrichidae (=Callimiconidae =Hapalidae)	Callithrichinae	Micodon kiotensis	Колумбия	s_america	12.2	13.9
163		PRIMATES	HAPLORRHINI	 ANTHROPOIDEA	PLATYRRHINI			Cebidae	Aotinae (=Nyctipithecinae	Patasola magdalena	Колумбия	s_america	12.2	13.9
164		PRIMATES	HAPLORRHINI	 ANTHROPOIDEA	PLATYRRHINI			Cebidae	Aotinae (=Nyctipithecinae	Stirtonia victoriae	Колумбия	s_america	13.9	13.2
165		PRIMATES	HAPLORRHINI	 ANTHROPOIDEA	PLATYRRHINI			Cebidae	Aotinae (=Nyctipithecinae	Stirtonia tatacoensis	Колумбия	s_america	11.8	6.7
166		PRIMATES	HAPLORRHINI	 ANTHROPOIDEA	PLATYRRHINI			Cebidae	Aotinae (=Nyctipithecinae		Центральная Америка	s_america	0	0
167		PRIMATES	HAPLORRHINI	 ANTHROPOIDEA	PLATYRRHINI			Cebidae	Aotinae (=Nyctipithecinae		Южная Америка	s_america	0	0
168		PRIMATES	HAPLORRHINI	 ANTHROPOIDEA	PLATYRRHINI			Cebidae	Aotinae (=Nyctipithecinae)	Tremacebus harringtoni	Аргентина	s_america	21	17.5
169		PRIMATES	HAPLORRHINI	 ANTHROPOIDEA	PLATYRRHINI			Cebidae	Aotinae (=Nyctipithecinae)	Aotus dindensis	Колумбия	s_america	13.8	13.3
170		PRIMATES	HAPLORRHINI	 ANTHROPOIDEA	PLATYRRHINI			Cebidae	Aotinae (=Nyctipithecinae)		Южная Америка	s_america	0	0
171		PRIMATES	HAPLORRHINI	 ANTHROPOIDEA	PLATYRRHINI			Cebidae	Aotinae (=Nyctipithecinae)		Гаити	oceania	0	0
172		PRIMATES	HAPLORRHINI	TARSIIFORMES	INCERTAE SEDIS		INCERTAE SEDIS	incertae sedis	Perupithecus ucayaliensis		Перу	s_america	40.6	39.8
173		PRIMATES	HAPLORRHINI	ANTHROPOIDEA	PLATYRRHINI			Cebidae	Callicebinae		Боливия	s_america	27.1	25.8
174		PRIMATES	HAPLORRHINI	ANTHROPOIDEA	PLATYRRHINI			Cebidae	Callicebinae	Paralouatta marianae	Куба		19.5	18.7
175		PRIMATES	HAPLORRHINI	ANTHROPOIDEA	PLATYRRHINI			Cebidae	Callicebinae	Miocallicebus villaviejai	Колумбия	s_america	13.8	13.2
176		PRIMATES	HAPLORRHINI	ANTHROPOIDEA	PLATYRRHINI			Cebidae	Atelinae	Solimoea acrensis	Бразилия		8	6
177		PRIMATES	HAPLORRHINI	ANTHROPOIDEA	PLATYRRHINI			Cebidae	Atelinae		Южная Америка		0	0
178		PRIMATES	HAPLORRHINI	ANTHROPOIDEA	PLATYRRHINI			Cebidae	Atelinae		Куба		0	0
179		PRIMATES	HAPLORRHINI	ANTHROPOIDEA	PLATYRRHINI			Cebidae	Callicebinae		Южная Америка	s_america	0	0
180		PRIMATES	HAPLORRHINI	ANTHROPOIDEA	PLATYRRHINI			Cebidae	Cebinae		Гаити	oceania	0	0
181		PRIMATES	HAPLORRHINI	ANTHROPOIDEA	PLATYRRHINI			Cebidae	Cebinae		Южная Америка	s_america	0	0
182		PRIMATES	HAPLORRHINI	ANTHROPOIDEA	PLATYRRHINI			Cebidae	Cebinae	Dolichocebus gaimanensis	Аргентина	s_america	24.9	15.4
183		PRIMATES	HAPLORRHINI	ANTHROPOIDEA	PLATYRRHINI			Cebidae	Cebinae	Chilecebus carrascoensis	Чили	s_america	20.5	19.9
184		PRIMATES	HAPLORRHINI	ANTHROPOIDEA	PLATYRRHINI			Cebidae	Cebinae	Laventiana annectens	Колумбия	s_america	13.8	13.2
185		PRIMATES	HAPLORRHINI	ANTHROPOIDEA	PLATYRRHINI			Cebidae	Cebinae	Acrecebus fraileyi	Бразилия	s_america	8	6
186		PRIMATES	HAPLORRHINI	ANTHROPOIDEA	PLATYRRHINI			Cebidae	Pitheciinae	Mazzonicebus almendrae	Аргентина	s_america	20.5	19.6
187		PRIMATES	HAPLORRHINI	ANTHROPOIDEA	PLATYRRHINI			Cebidae	Pitheciinae	Carlocebus carmenensis	Аргентина	s_america	20.5	19.6
188		PRIMATES	HAPLORRHINI	ANTHROPOIDEA	PLATYRRHINI			Cebidae	Pitheciinae	Carlocebus intermedius	Аргентина	s_america	20.5	19.6
189		PRIMATES	HAPLORRHINI	ANTHROPOIDEA	PLATYRRHINI			Cebidae	Pitheciinae	Homunculus patagonicus	Аргентина	s_america	20.5	19.6
190		PRIMATES	HAPLORRHINI	ANTHROPOIDEA	PLATYRRHINI			Cebidae	Pitheciinae	Soriacebus adrianae	Аргентина	s_america	20.5	19.6
191		PRIMATES	HAPLORRHINI	ANTHROPOIDEA	PLATYRRHINI			Cebidae	Pitheciinae	Soriacebus ameghinorum	Аргентина	s_america	20.5	19.6
192		PRIMATES	HAPLORRHINI	ANTHROPOIDEA	PLATYRRHINI			Cebidae	Pitheciinae	Propithecia neuquenensis	Аргентина	s_america	16.2	15.3
193		PRIMATES	HAPLORRHINI	ANTHROPOIDEA	PLATYRRHINI			Cebidae	Pitheciinae	Cebupithecia sarmientoi	Колумбия	s_america	13.9	13.2
194		PRIMATES	HAPLORRHINI	ANTHROPOIDEA	PLATYRRHINI			Cebidae	Pitheciinae	Mohanamico hershkovitzi	Колумбия	s_america	13.9	13.2
195		PRIMATES	HAPLORRHINI	ANTHROPOIDEA	PLATYRRHINI			Cebidae	Pitheciinae	Nuciruptor rubricae	Колумбия	s_america	13.9	13.2
196		PRIMATES	HAPLORRHINI	ANTHROPOIDEA	PLATYRRHINI			Cebidae	Pitheciinae	Canaanimico amazonensis	Перу	s_america	40.8	39.8
197		PRIMATES	HAPLORRHINI	ANTHROPOIDEA	PLATYRRHINI			Cebidae	Saimiriinae	Killikaike blakei	Аргентина	s_america	16.8	16
198		PRIMATES	HAPLORRHINI	ANTHROPOIDEA	PLATYRRHINI			Cebidae	Saimiriinae	Neosaimiri fieldsi	Колумбия	s_america	13.8	13.3
199		PRIMATES	HAPLORRHINI	ANTHROPOIDEA	PLATYRRHINI			Cebidae	Saimiriinae		Центральная Америка	s_america	0	0
200		PRIMATES	HAPLORRHINI	ANTHROPOIDEA	PLATYRRHINI			Cebidae	Saimiriinae		Южная Америка	s_america	0	0
201		PRIMATES	HAPLORRHINI	ANTHROPOIDEA	PLATYRRHINI				Xenothrichinae	Xenothrix mcgregori	Ямайка	oceania	0.2	0
202		PRIMATES	HAPLORRHINI	ANTHROPOIDEA	PLATYRRHINI				Pitheciinae		Южная Америка	s_america	0	0
203		PRIMATES	HAPLORRHINI	ANTHROPOIDEA	CATARRHINI	EOCATARRHINI	PROPLIOPITHECOIDEA	Propliopithecidae	Propliopithecinae		Египет	africa	31.5	29.5
204		PRIMATES	HAPLORRHINI	ANTHROPOIDEA	CATARRHINI	EOCATARRHINI	PROPLIOPITHECOIDEA	Propliopithecidae	Oligopithecinae		Ливия	africa	39.1	28
205		PRIMATES	HAPLORRHINI	ANTHROPOIDEA	CATARRHINI	EOCATARRHINI	PROPLIOPITHECOIDEA	Propliopithecidae	Oligopithecinae		Египет	africa	39.1	28
206		PRIMATES		ANTHROPOIDEA	CATARRHINI	EOCATARRHINI	PROPLIOPITHECOIDEA	Proteopithecidae			Египет	africa	34.7	33.9
207		PRIMATES		ANTHROPOIDEA	CATARRHINI	EOCATARRHINI	 PLIOPITHECOIDEA	Pliopithecidae	Crouzeliinae		Европа	europe	14.5	6
208		PRIMATES		ANTHROPOIDEA	CATARRHINI	EOCATARRHINI	 PLIOPITHECOIDEA	Pliopithecidae	Crouzeliinae		Китай	asia	14.5	6
209		PRIMATES		ANTHROPOIDEA	CATARRHINI	EOCATARRHINI	 PLIOPITHECOIDEA	Pliopithecidae	Pliopithecinae		Европа	europe	17.2	14.6
210		PRIMATES		ANTHROPOIDEA	CATARRHINI	EOCATARRHINI	 PLIOPITHECOIDEA	Pliopithecidae	Pliopithecinae		Китай	asia	12.5	11.5
211		PRIMATES		ANTHROPOIDEA	CATARRHINI	EOCATARRHINI	 PLIOPITHECOIDEA	Pliopithecidae	 incertae sedis	Paidopithex rhenanus
 “Semnopithecus eppelsheimensis”			9.8	9.2
212		PRIMATES		ANTHROPOIDEA	CATARRHINI	EOCATARRHINI	 PLIOPITHECOIDEA	 Dionysopithecidae(=подсем. Dionysopithecinae)			Тайланд		20	12
213		PRIMATES		ANTHROPOIDEA	CATARRHINI	EOCATARRHINI	 PLIOPITHECOIDEA	 Dionysopithecidae(=подсем. Dionysopithecinae)			Китай		20	12
214		PRIMATES		ANTHROPOIDEA	CATARRHINI	EOCATARRHINI	 PLIOPITHECOIDEA	 Dionysopithecidae(=подсем. Dionysopithecinae)			Пакистан		20	12
215		PRIMATES		ANTHROPOIDEA	CATARRHINI	EOCATARRHINI	 PLIOPITHECOIDEA	 incertae sedis		Lomorupithecus harrison	Уганда	africa	20	19
216		PRIMATES		ANTHROPOIDEA	CATARRHINI	 EOCATARRHINI	SAADANIOIDEA
	 Saadaniidae			Саудовская Аравия	africa	19	18
217		PRIMATES		ANTHROPOIDEA	CATARRHINI	 EOCATARRHINI	 CERCOPITHECOIDEA
 (=Simiodea =Cynomorpha)	 Victoriapithecidae			Восточная Африка	africa	20.3	8.9
218		PRIMATES		ANTHROPOIDEA	CATARRHINI	 EOCATARRHINI	 CERCOPITHECOIDEA
 (=Simiodea =Cynomorpha)	 Victoriapithecidae			Ливия	africa	20.3	8.9
219		PRIMATES		ANTHROPOIDEA	CATARRHINI	 EOCATARRHINI	 CERCOPITHECOIDEA
 (=Simiodea =Cynomorpha)	 Victoriapithecidae			Египет	africa	20.3	8.9
220		PRIMATES		ANTHROPOIDEA	CATARRHINI	 EOCATARRHINI	 CERCOPITHECOIDEA
 (=Simiodea =Cynomorpha)	 Victoriapithecidae			Восточная Африка	africa	25.7	25
221		PRIMATES		ANTHROPOIDEA	CATARRHINI	 EOCATARRHINI	 CERCOPITHECOIDEA
 (=Simiodea =Cynomorpha)	 Victoriapithecidae			Египет	africa	25.7	25
222		PRIMATES		ANTHROPOIDEA	CATARRHINI	 EOCATARRHINI	 CERCOPITHECOIDEA
 (=Simiodea =Cynomorpha)	 Victoriapithecidae			Ливия	africa	25.7	25
223		PRIMATES		ANTHROPOIDEA	CATARRHINI	 EOCATARRHINI	CERCOPITHECOIDEA
 (=Simiodea =Cynomorpha	 Cercopithecidae	 Cercopithecinae		Африка	africa	7.2	0
224		PRIMATES		ANTHROPOIDEA	CATARRHINI	 EOCATARRHINI	CERCOPITHECOIDEA
 (=Simiodea =Cynomorpha	 Cercopithecidae	 Cercopithecinae		Европа	europe	7.2	0
225		PRIMATES		ANTHROPOIDEA	CATARRHINI	 EOCATARRHINI	CERCOPITHECOIDEA
 (=Simiodea =Cynomorpha	 Cercopithecidae	 Cercopithecinae		Азия	asia	7.2	0
226		PRIMATES		ANTHROPOIDEA	CATARRHINI	 EOCATARRHINI	CERCOPITHECOIDEA
 (=Simiodea =Cynomorpha	 Cercopithecidae	Cercopithecinae	Cercopithecidae gen. et sp. indet	Кения	africa	12.9	12.2
227		PRIMATES		ANTHROPOIDEA	CATARRHINI	 EOCATARRHINI	CERCOPITHECOIDEA
 (=Simiodea =Cynomorpha	 Cercopithecidae	подсем. Colobinae (=Semnopithecinae =Presbytinae)		Африка	africa	10.7	0
228		PRIMATES		ANTHROPOIDEA	CATARRHINI	 EOCATARRHINI	CERCOPITHECOIDEA
 (=Simiodea =Cynomorpha	 Cercopithecidae	подсем. Colobinae
 (=Semnopithecinae =Presbytinae)		Европа	europe	10.7	0
229		PRIMATES		ANTHROPOIDEA	CATARRHINI	 EOCATARRHINI	CERCOPITHECOIDEA
 (=Simiodea =Cynomorpha	 Cercopithecidae	подсем. Colobinae
 (=Semnopithecinae =Presbytinae)		Азия	asia	10.7	0
230		PRIMATES		ANTHROPOIDEA	CATARRHINI	 EOCATARRHINI	Надсем. HOMINOIDEA
 (=ANTHROPOIDEA =ANTHROPOMORPHA)	 Dendropithecidae 				africa	7.8	4.5
231		PRIMATES		ANTHROPOIDEA	CATARRHINI	 EOCATARRHINI	Надсем. HOMINOIDEA
 (=ANTHROPOIDEA =ANTHROPOMORPHA)	 Dendropithecidae 				africa	20	19
232		PRIMATES		ANTHROPOIDEA	CATARRHINI	 EOCATARRHINI	Надсем. HOMINOIDEA
 (=ANTHROPOIDEA =ANTHROPOMORPHA)	 Dendropithecidae 				africa	7.8	4.5
233		PRIMATES		ANTHROPOIDEA	CATARRHINI	 EOCATARRHINI	Надсем. HOMINOIDEA
 (=ANTHROPOIDEA =ANTHROPOMORPHA)	 Dendropithecidae 				africa	20	19
234		PRIMATES		ANTHROPOIDEA	CATARRHINI	 EOCATARRHINI	 HOMINOIDEA
 (=ANTHROPOIDEA =ANTHROPOMORPHA)	 Hylobatidae		Yuanmoupithecus xiaoyua		asia	19.2	17
235		PRIMATES		ANTHROPOIDEA	CATARRHINI	 EOCATARRHINI	 HOMINOIDEA
 (=ANTHROPOIDEA =ANTHROPOMORPHA)	 Hylobatidae			Юго-Восточная Азия	asia	5.5	0
236		PRIMATES		ANTHROPOIDEA	CATARRHINI	 EOCATARRHINI	 HOMINOIDEA
 (=ANTHROPOIDEA =ANTHROPOMORPHA)	 Hylobatidae			Индонейзия	asia
237		PRIMATES		ANTHROPOIDEA	CATARRHINI	 EOCATARRHINI	 HOMINOIDEA
 (=ANTHROPOIDEA =ANTHROPOMORPHA)	 Pliobatidae			Испания	asia	12	11.2
238		PRIMATES		ANTHROPOIDEA	CATARRHINI	 EOCATARRHINI	 HOMINOIDEA
 (=ANTHROPOIDEA =ANTHROPOMORPHA)	 Oreopithecidae			Молдавия	europe	8.2	6.8
239		PRIMATES		ANTHROPOIDEA	CATARRHINI	 EOCATARRHINI	 HOMINOIDEA
 (=ANTHROPOIDEA =ANTHROPOMORPHA)	 Oreopithecidae			Италия	europe	8.2	6.8
240		PRIMATES		ANTHROPOIDEA	CATARRHINI	 EOCATARRHINI	 HOMINOIDEA
 (=ANTHROPOIDEA =ANTHROPOMORPHA)	 Oreopithecidae			Сардиния	europe	8.2	6.8
241		PRIMATES		ANTHROPOIDEA	CATARRHINI	 EOCATARRHINI	 HOMINOIDEA
 (=ANTHROPOIDEA =ANTHROPOMORPHA)	Proconsulidae	 Proconsulinae		Восточная Африка	africa	26	24.2
242		PRIMATES		ANTHROPOIDEA	CATARRHINI	 EOCATARRHINI	 HOMINOIDEA
 (=ANTHROPOIDEA =ANTHROPOMORPHA)	Proconsulidae	 Proconsulinae		Восточная Африка	africa	22	17
243		PRIMATES		ANTHROPOIDEA	CATARRHINI	 EOCATARRHINI	 HOMINOIDEA
 (=ANTHROPOIDEA =ANTHROPOMORPHA)	Proconsulidae	 Proconsulinae		Восточная Африка	africa	15	11.9
244		PRIMATES		ANTHROPOIDEA	CATARRHINI	 EOCATARRHINI	 HOMINOIDEA
 (=ANTHROPOIDEA =ANTHROPOMORPHA)	Proconsulidae	 Nyanzapithecinae		Восточная Африка	africa	15.8	15
245		PRIMATES		ANTHROPOIDEA	CATARRHINI	 EOCATARRHINI	 HOMINOIDEA
 (=ANTHROPOIDEA =ANTHROPOMORPHA)	Proconsulidae	 Nyanzapithecinae		Восточная Африка	africa	19	13
246		PRIMATES		ANTHROPOIDEA	CATARRHINI	 EOCATARRHINI	 HOMINOIDEA
 (=ANTHROPOIDEA =ANTHROPOMORPHA)	Proconsulidae	 Afropithecinae		Восточная Африка	africa	21.5	13.3
247		PRIMATES		ANTHROPOIDEA	CATARRHINI	 EOCATARRHINI	 HOMINOIDEA
 (=ANTHROPOIDEA =ANTHROPOMORPHA)	Proconsulidae	 Afropithecinae		Саудовская Аравия	africa	21.5	13.3
248		PRIMATES		ANTHROPOIDEA	CATARRHINI	 EOCATARRHINI	 HOMINOIDEA
 (=ANTHROPOIDEA =ANTHROPOMORPHA)	Griphopithecidae	Griphopithecinae		Европа	europe	15	13.5
249		PRIMATES		ANTHROPOIDEA	CATARRHINI	 EOCATARRHINI	 HOMINOIDEA
 (=ANTHROPOIDEA =ANTHROPOMORPHA)	Griphopithecidae	Griphopithecinae		Турция	europe
250		PRIMATES		ANTHROPOIDEA	CATARRHINI	 EOCATARRHINI	 HOMINOIDEA
 (=ANTHROPOIDEA =ANTHROPOMORPHA)	Griphopithecidae	Griphopithecinae		Европа	europe	15	13.5
251		PRIMATES		ANTHROPOIDEA	CATARRHINI	 EOCATARRHINI	 HOMINOIDEA
 (=ANTHROPOIDEA =ANTHROPOMORPHA)	Griphopithecidae	Griphopithecinae		Турция	europe	17	16.4
252		PRIMATES		ANTHROPOIDEA	CATARRHINI	 EOCATARRHINI	 HOMINOIDEA
 (=ANTHROPOIDEA =ANTHROPOMORPHA)	 Griphopithecidae	Kenyapithecinae		Турция	europe	17	16.2
253		PRIMATES		ANTHROPOIDEA	CATARRHINI	 EOCATARRHINI	 HOMINOIDEA
 (=ANTHROPOIDEA =ANTHROPOMORPHA)	 Griphopithecidae	Kenyapithecinae		Турция	europe	15	12.5
254		PRIMATES		ANTHROPOIDEA	CATARRHINI	 EOCATARRHINI	 HOMINOIDEA
 (=ANTHROPOIDEA =ANTHROPOMORPHA)	 Griphopithecidae	Kenyapithecinae		Кения	asia	17	16.2
255		PRIMATES		ANTHROPOIDEA	CATARRHINI	 EOCATARRHINI	 HOMINOIDEA
 (=ANTHROPOIDEA =ANTHROPOMORPHA)	 Griphopithecidae	Kenyapithecinae		Кения	asia	15	12.5
256		PRIMATES		ANTHROPOIDEA	CATARRHINI	 EOCATARRHINI	 HOMINOIDEA
 (=ANTHROPOIDEA =ANTHROPOMORPHA)	 Pongidae (=Anthropomorphidae)	Dryopithecinae		Китай	asia	13.1	6
257		PRIMATES		ANTHROPOIDEA	CATARRHINI	 EOCATARRHINI	 HOMINOIDEA
 (=ANTHROPOIDEA =ANTHROPOMORPHA)	 Pongidae (=Anthropomorphidae)	Dryopithecinae		Европа	europe	13.1	6
258		PRIMATES		ANTHROPOIDEA	CATARRHINI	 EOCATARRHINI	 HOMINOIDEA
 (=ANTHROPOIDEA =ANTHROPOMORPHA)	 Pongidae (=Anthropomorphidae)	Dryopithecinae		Китай	asia	2.3	1.9
259		PRIMATES		ANTHROPOIDEA	CATARRHINI	 EOCATARRHINI	 HOMINOIDEA
 (=ANTHROPOIDEA =ANTHROPOMORPHA)	 Pongidae (=Anthropomorphidae)	Dryopithecinae		Европа	europe	2.3	1.9
260		PRIMATES		ANTHROPOIDEA	CATARRHINI	 EOCATARRHINI	 HOMINOIDEA
 (=ANTHROPOIDEA =ANTHROPOMORPHA)	 Pongidae (=Anthropomorphidae)	Ramapithecinae		Индия	asia	13	8
261		PRIMATES		ANTHROPOIDEA	CATARRHINI	 EOCATARRHINI	 HOMINOIDEA
 (=ANTHROPOIDEA =ANTHROPOMORPHA)	 Pongidae (=Anthropomorphidae)	Ramapithecinae		Непал	asia	13	8
262		PRIMATES		ANTHROPOIDEA	CATARRHINI	 EOCATARRHINI	 HOMINOIDEA
 (=ANTHROPOIDEA =ANTHROPOMORPHA)	 Pongidae (=Anthropomorphidae)	Ramapithecinae		Пакистан	asia	13	8
263		PRIMATES		ANTHROPOIDEA	CATARRHINI	 EOCATARRHINI	 HOMINOIDEA
 (=ANTHROPOIDEA =ANTHROPOMORPHA)	 Pongidae (=Anthropomorphidae)	Ramapithecinae		Турция	europe	13	8
264		PRIMATES		ANTHROPOIDEA	CATARRHINI	 EOCATARRHINI	 HOMINOIDEA
 (=ANTHROPOIDEA =ANTHROPOMORPHA)	Pongidae (=Anthropomorphidae)			Пакистан	asia	10.1	5.1
265		PRIMATES		ANTHROPOIDEA	CATARRHINI	 EOCATARRHINI	 HOMINOIDEA
 (=ANTHROPOIDEA =ANTHROPOMORPHA)	Pongidae (=Anthropomorphidae)			Индия	asia	10.1	5.1
266		PRIMATES		ANTHROPOIDEA	CATARRHINI	 EOCATARRHINI	 HOMINOIDEA
 (=ANTHROPOIDEA =ANTHROPOMORPHA)	Pongidae (=Anthropomorphidae)			Китай	asia	10.1	5.1
267		PRIMATES		ANTHROPOIDEA	CATARRHINI	 EOCATARRHINI	 HOMINOIDEA
 (=ANTHROPOIDEA =ANTHROPOMORPHA)	Pongidae (=Anthropomorphidae)			Вьетнам	asia	10.1	5.1
268		PRIMATES		ANTHROPOIDEA	CATARRHINI	 EOCATARRHINI	 HOMINOIDEA
 (=ANTHROPOIDEA =ANTHROPOMORPHA)	Pongidae (=Anthropomorphidae)			Пакистан	asia	2	0.2
269		PRIMATES		ANTHROPOIDEA	CATARRHINI	 EOCATARRHINI	 HOMINOIDEA
 (=ANTHROPOIDEA =ANTHROPOMORPHA)	Pongidae (=Anthropomorphidae)			Индия	asia	2	0.2
270		PRIMATES		ANTHROPOIDEA	CATARRHINI	 EOCATARRHINI	 HOMINOIDEA
 (=ANTHROPOIDEA =ANTHROPOMORPHA)	Pongidae (=Anthropomorphidae)			Китай	asia	2	0.2
271		PRIMATES		ANTHROPOIDEA	CATARRHINI	 EOCATARRHINI	 HOMINOIDEA
 (=ANTHROPOIDEA =ANTHROPOMORPHA)	Pongidae (=Anthropomorphidae)			Вьетнам	asia	2	0.2
272		PRIMATES		ANTHROPOIDEA	CATARRHINI	 EOCATARRHINI	 HOMINOIDEA
 (=ANTHROPOIDEA =ANTHROPOMORPHA)	 Pongidae (=Anthropomorphidae)	 Ponginae (=Simiinae)	Khoratpithecus	Бирма	asia	13.5	7
273		PRIMATES		ANTHROPOIDEA	CATARRHINI	 EOCATARRHINI	 HOMINOIDEA
 (=ANTHROPOIDEA =ANTHROPOMORPHA)	 Pongidae (=Anthropomorphidae)	 Ponginae (=Simiinae)	Khoratpithecus	Тайланд	asia	13.5	7
274		PRIMATES		ANTHROPOIDEA	CATARRHINI	 EOCATARRHINI	 HOMINOIDEA
 (=ANTHROPOIDEA =ANTHROPOMORPHA)	 Pongidae (=Anthropomorphidae)	 Ponginae (=Simiinae)		Юго-Восточная Азия	asia	1	0
275		PRIMATES		ANTHROPOIDEA	CATARRHINI	 EOCATARRHINI	 HOMINOIDEA
 (=ANTHROPOIDEA =ANTHROPOMORPHA)	 Pongidae (=Anthropomorphidae)	 Ponginae (=Simiinae)		Индонейзия	asia	1	0
276		PRIMATES		ANTHROPOIDEA	CATARRHINI	 EOCATARRHINI	 HOMINOIDEA
 (=ANTHROPOIDEA =ANTHROPOMORPHA)	 Pongidae (=Anthropomorphidae)	 Gorillinae (=Anthropopithecinae
 =Anthropithecinae		Европа	europe	11.3	12
277		PRIMATES		ANTHROPOIDEA	CATARRHINI	 EOCATARRHINI	 HOMINOIDEA
 (=ANTHROPOIDEA =ANTHROPOMORPHA)	 Pongidae (=Anthropomorphidae)	 Gorillinae (=Anthropopithecinae
 =Anthropithecinae		Турция	asia	11.3	12
278		PRIMATES		ANTHROPOIDEA	CATARRHINI	 EOCATARRHINI	 HOMINOIDEA
 (=ANTHROPOIDEA =ANTHROPOMORPHA)	 Pongidae (=Anthropomorphidae)	 Gorillinae (=Anthropopithecinae
 =Anthropithecinae		Африка	africa	11.3	12
279		PRIMATES		ANTHROPOIDEA	CATARRHINI	 EOCATARRHINI	 HOMINOIDEA
 (=ANTHROPOIDEA =ANTHROPOMORPHA)	 Pongidae (=Anthropomorphidae)	 Gorillinae (=Anthropopithecinae
 =Anthropithecinae		Европа	europe	10.5	6.5
280		PRIMATES		ANTHROPOIDEA	CATARRHINI	 EOCATARRHINI	 HOMINOIDEA
 (=ANTHROPOIDEA =ANTHROPOMORPHA)	 Pongidae (=Anthropomorphidae)	 Gorillinae (=Anthropopithecinae
 =Anthropithecinae		Турция	asia	10.5	6.5
281		PRIMATES		ANTHROPOIDEA	CATARRHINI	 EOCATARRHINI	 HOMINOIDEA
 (=ANTHROPOIDEA =ANTHROPOMORPHA)	 Pongidae (=Anthropomorphidae)	 Gorillinae (=Anthropopithecinae
 =Anthropithecinae		Африка	africa	10.5	6.5
282		PRIMATES		ANTHROPOIDEA	CATARRHINI	 EOCATARRHINI	 HOMINOIDEA
 (=ANTHROPOIDEA =ANTHROPOMORPHA)	 Pongidae (=Anthropomorphidae)	 Gorillinae (=Anthropopithecinae
 =Anthropithecinae		Европа	europe	0.6	0.2
283		PRIMATES		ANTHROPOIDEA	CATARRHINI	 EOCATARRHINI	 HOMINOIDEA
 (=ANTHROPOIDEA =ANTHROPOMORPHA)	 Pongidae (=Anthropomorphidae)	 Gorillinae (=Anthropopithecinae
 =Anthropithecinae		Турция	asia	0.6	0.2
284		PRIMATES		ANTHROPOIDEA	CATARRHINI	 EOCATARRHINI	 HOMINOIDEA
 (=ANTHROPOIDEA =ANTHROPOMORPHA)	 Pongidae (=Anthropomorphidae)	 Gorillinae (=Anthropopithecinae
 =Anthropithecinae		Африка	africa	0.6	0.2
285		PRIMATES		ANTHROPOIDEA	CATARRHINI	 EOCATARRHINI	 HOMINOIDEA
 (=ANTHROPOIDEA =ANTHROPOMORPHA)	 Pongidae (=Anthropomorphidae)	 Gorillinae (=Anthropopithecinae
 =Anthropithecinae		Европа	europe	0	0
286		PRIMATES		ANTHROPOIDEA	CATARRHINI	 EOCATARRHINI	 HOMINOIDEA
 (=ANTHROPOIDEA =ANTHROPOMORPHA)	 Pongidae (=Anthropomorphidae)	 Gorillinae (=Anthropopithecinae
 =Anthropithecinae		Турция	asia	0	0
287		PRIMATES		ANTHROPOIDEA	CATARRHINI	 EOCATARRHINI	 HOMINOIDEA
 (=ANTHROPOIDEA =ANTHROPOMORPHA)	 Pongidae (=Anthropomorphidae)	 Gorillinae (=Anthropopithecinae
 =Anthropithecinae		Африка	africa	0	0
288		PRIMATES		ANTHROPOIDEA	CATARRHINI	 EOCATARRHINI	 HOMINOIDEA
 (=ANTHROPOIDEA =ANTHROPOMORPHA)	Hominidae (=Psychozoan =Summoprimates
 =Pithecanthropidae	Australopithecinae
 (=Praehomininae =Parantropinae		Африка	africa	7	1
289		PRIMATES		ANTHROPOIDEA	CATARRHINI	 EOCATARRHINI	 HOMINOIDEA
 (=ANTHROPOIDEA =ANTHROPOMORPHA)	Hominidae (=Psychozoan =Summoprimates
 =Pithecanthropidae	 Homininae (=Euhomininae
 =Sinanthropinae =Rhenanthropinae
 =Eoanthropinae =Enanthropinae =Habilinae)		Все материки	n_america	2.5	0
290		PRIMATES		ANTHROPOIDEA	CATARRHINI	 EOCATARRHINI	 HOMINOIDEA
 (=ANTHROPOIDEA =ANTHROPOMORPHA)	Hominidae (=Psychozoan =Summoprimates
 =Pithecanthropidae	 Homininae (=Euhomininae
 =Sinanthropinae =Rhenanthropinae
 =Eoanthropinae =Enanthropinae =Habilinae)		Все материки	s_america	2.5	0
291		PRIMATES		ANTHROPOIDEA	CATARRHINI	 EOCATARRHINI	 HOMINOIDEA
 (=ANTHROPOIDEA =ANTHROPOMORPHA)	Hominidae (=Psychozoan =Summoprimates
 =Pithecanthropidae	 Homininae (=Euhomininae
 =Sinanthropinae =Rhenanthropinae
 =Eoanthropinae =Enanthropinae =Habilinae)		Все материки	europe	2.5	0
292		PRIMATES		ANTHROPOIDEA	CATARRHINI	 EOCATARRHINI	 HOMINOIDEA
 (=ANTHROPOIDEA =ANTHROPOMORPHA)	Hominidae (=Psychozoan =Summoprimates
 =Pithecanthropidae	 Homininae (=Euhomininae
 =Sinanthropinae =Rhenanthropinae
 =Eoanthropinae =Enanthropinae =Habilinae)		Все материки	africa	2.5	0
293		PRIMATES		ANTHROPOIDEA	CATARRHINI	 EOCATARRHINI	 HOMINOIDEA
 (=ANTHROPOIDEA =ANTHROPOMORPHA)	Hominidae (=Psychozoan =Summoprimates
 =Pithecanthropidae	 Homininae (=Euhomininae
 =Sinanthropinae =Rhenanthropinae
 =Eoanthropinae =Enanthropinae =Habilinae)		Все материки	asia	2.5	0
294		PRIMATES		ANTHROPOIDEA	CATARRHINI	 EOCATARRHINI	 HOMINOIDEA
 (=ANTHROPOIDEA =ANTHROPOMORPHA)	Hominidae (=Psychozoan =Summoprimates
 =Pithecanthropidae	 Homininae (=Euhomininae
 =Sinanthropinae =Rhenanthropinae
 =Eoanthropinae =Enanthropinae =Habilinae)		Все материки	oceania	2.5	0